{"all":{"done":5448,"togo":0,"cpu":3459674,"time":1252620,"scorestogo":0},"participants":{"360385":{"solver":"tct-trs_v3.2.0_2020-06-28","solver id":"29575","configuration":"tct_dci","score":636,"unscored":8036,"scorestogo":0,"conflicts":0,"done":2724,"togo":0,"cpu":1266824.139999997,"time":524264.5800000027,"certtime":0,"ranked":true,"UP":636,"LOW":0},"360175":{"solver":"AProVE","solver id":"29458","configuration":"rcdcRelativeAlsoLower","score":3600,"unscored":5460,"scorestogo":0,"conflicts":0,"done":2724,"togo":0,"cpu":2192850.819999997,"time":728356.1200000017,"certtime":0,"ranked":true,"UP":1530,"LOW":2070}}}