{"all":{"done":959,"togo":0,"cpu":247348,"time":99533,"scorestogo":0},"participants":{"360389":{"solver":"tct-trs_v3.2.0_2020-06-28","solver id":"29575","configuration":"tct_rc_cert","score":160,"unscored":1572,"scorestogo":0,"conflicts":0,"done":959,"togo":0,"cpu":247348.57999999955,"time":99533.34999999982,"certtime":0,"ranked":true,"UP":160,"LOW":0}}}