{"all":{"done":3618,"togo":0,"cpu":2579790,"time":829034,"scorestogo":0},"participants":{"360388":{"solver":"tct-trs_v3.2.0_2020-06-28","solver id":"29575","configuration":"tct_dc","score":645,"unscored":4367,"scorestogo":0,"conflicts":0,"done":1809,"togo":0,"cpu":1070090.280000001,"time":343546.180000001,"certtime":0,"ranked":true,"UP":645,"LOW":0},"360175":{"solver":"AProVE","solver id":"29458","configuration":"rcdcRelativeAlsoLower","score":1656,"unscored":4048,"scorestogo":0,"conflicts":0,"done":1809,"togo":0,"cpu":1509700.9399999962,"time":485488.9499999994,"certtime":0,"ranked":true,"UP":742,"LOW":914}}}