{"all":{"done":1326,"togo":0,"cpu":394609,"time":157369,"scorestogo":0},"participants":{"360384":{"solver":"tct-trs_v3.2.0_2020-06-28","solver id":"29575","configuration":"tct_rci_cert","score":419,"unscored":1933,"scorestogo":0,"conflicts":0,"done":663,"togo":0,"cpu":247556.42999999976,"time":90162.44999999985,"certtime":0,"ranked":true,"UP":419,"LOW":0},"360177":{"solver":"AProVE","solver id":"29458","configuration":"certified","score":400,"unscored":2132,"scorestogo":0,"conflicts":0,"done":663,"togo":0,"cpu":147053.57000000015,"time":67207.74000000003,"certtime":0,"ranked":true,"UP":400,"LOW":0}}}