{"all":{"done":1918,"togo":0,"cpu":604197,"time":288740,"scorestogo":0},"participants":{"360390":{"solver":"tct-trs_v3.2.0_2020-06-28","solver id":"29575","configuration":"tct_rc","score":1483,"unscored":2001,"scorestogo":0,"conflicts":0,"done":959,"togo":0,"cpu":379665.0000000003,"time":174535.3999999995,"certtime":0,"ranked":true,"UP":380,"LOW":1103},"360179":{"solver":"AProVE","solver id":"29458","configuration":"complexity","score":2447,"unscored":1357,"scorestogo":0,"conflicts":0,"done":959,"togo":0,"cpu":224532.35000000006,"time":114205.75000000004,"certtime":0,"ranked":true,"UP":665,"LOW":1782}}}