{"all":{"done":1326,"togo":0,"cpu":761307,"time":215757,"scorestogo":0},"participants":{"360386":{"solver":"tct-trs_v3.2.0_2020-06-28","solver id":"29575","configuration":"tct_rci","score":1221,"unscored":1263,"scorestogo":0,"conflicts":0,"done":663,"togo":0,"cpu":433080.79,"time":115474.14000000001,"certtime":0,"ranked":true,"UP":444,"LOW":777},"360179":{"solver":"AProVE","solver id":"29458","configuration":"complexity","score":1910,"unscored":674,"scorestogo":0,"conflicts":0,"done":663,"togo":0,"cpu":328227.7199999995,"time":100283.16000000013,"certtime":0,"ranked":true,"UP":672,"LOW":1238}}}