{"all":{"done":2724,"togo":0,"cpu":1426269,"time":435619,"scorestogo":0},"participants":{"360391":{"solver":"tct-trs_v3.2.0_2020-06-28","solver id":"29575","configuration":"tct_dci_cert","score":619,"unscored":3585,"scorestogo":0,"conflicts":0,"done":2724,"togo":0,"cpu":1426269.050000001,"time":435619.22000000015,"certtime":0,"ranked":true,"UP":619,"LOW":0}}}